name,category
1.png,9
2.png,3
3.png,9
4.png,8
5.png,13
6.png,7
7.png,2
8.png,16
9.png,6
10.png,1
11.png,14
12.png,15
13.png,12
14.png,10
15.png,9
16.png,11
17.png,8
18.png,13
19.png,12
20.png,10
21.png,16
22.png,1
23.png,15
24.png,14
25.png,11
26.png,8
27.png,3
28.png,16
29.png,5
30.png,2
31.png,2
32.png,16
33.png,5
34.png,3
35.png,11
36.png,8
37.png,3
38.png,10
39.png,11
40.png,4
41.png,15
42.png,5
43.png,14
44.png,4
45.png,14
46.png,15
47.png,2
48.png,10
49.png,9
50.png,3
51.png,7
52.png,13
53.png,8
54.png,2
55.png,6
56.png,16
57.png,6
58.png,16
59.png,2
60.png,7
61.png,13
62.png,8
63.png,9
64.png,12
65.png,3
66.png,10
67.png,12
68.png,15
69.png,14
70.png,6
71.png,1
72.png,14
73.png,15
74.png,1
75.png,10
76.png,12
77.png,7
78.png,11
79.png,13
80.png,9
81.png,3
82.png,5
83.png,2
84.png,2
85.png,5
86.png,9
87.png,3
88.png,11
89.png,13
90.png,2
91.png,14
92.png,15
93.png,4
94.png,15
95.png,5
96.png,14
97.png,4
98.png,11
99.png,3
100.png,12
101.png,9
102.png,8
103.png,13
104.png,7
105.png,16
106.png,6
107.png,16
108.png,6
109.png,8
110.png,13
111.png,7
112.png,9
113.png,7
114.png,10
115.png,12
116.png,4
117.png,1
118.png,1
119.png,4
120.png,6
121.png,10
122.png,12
123.png,2
124.png,14
125.png,5
126.png,3
127.png,9
128.png,13
129.png,11
130.png,13
131.png,11
132.png,3
133.png,9
134.png,4
135.png,5
136.png,15
137.png,2
138.png,1
139.png,4
140.png,15
141.png,14
142.png,4
143.png,1
144.png,14
145.png,15
146.png,6
147.png,16
148.png,7
149.png,13
150.png,8
151.png,9
152.png,9
153.png,10
154.png,7
155.png,13
156.png,8
157.png,6
158.png,1
159.png,16
160.png,16
161.png,1
162.png,4
163.png,12
164.png,10
165.png,13
166.png,8
167.png,9
168.png,12
169.png,10
170.png,5
171.png,4
172.png,1
173.png,7
174.png,12
175.png,10
176.png,4
177.png,1
178.png,1
179.png,4
180.png,6
181.png,12
182.png,10
183.png,12
184.png,9
185.png,8
186.png,13
187.png,7
188.png,16
189.png,6
190.png,16
191.png,6
192.png,8
193.png,13
194.png,7
195.png,9
196.png,2
197.png,14
198.png,15
199.png,4
200.png,1
201.png,15
202.png,14
203.png,5
204.png,1
205.png,4
206.png,11
207.png,3
208.png,11
209.png,13
210.png,9
211.png,3
212.png,5
213.png,2
214.png,2
215.png,5
216.png,9
217.png,3
218.png,11
219.png,13
220.png,1
221.png,4
222.png,16
223.png,10
224.png,12
225.png,13
226.png,8
227.png,9
228.png,10
229.png,12
230.png,5
231.png,4
232.png,1
233.png,6
234.png,16
235.png,7
236.png,13
237.png,8
238.png,9
239.png,9
240.png,10
241.png,7
242.png,13
243.png,8
244.png,6
245.png,16
246.png,1
247.png,4
248.png,15
249.png,14
250.png,4
251.png,14
252.png,15
253.png,2
254.png,5
255.png,14
256.png,3
257.png,9
258.png,13
259.png,11
260.png,13
261.png,11
262.png,3
263.png,9
264.png,4
265.png,5
266.png,15
267.png,2
268.png,1
269.png,14
270.png,15
271.png,10
272.png,12
273.png,9
274.png,8
275.png,11
276.png,13
277.png,10
278.png,12
279.png,1
280.png,16
281.png,15
282.png,14
283.png,16
284.png,1
285.png,6
286.png,2
287.png,8
288.png,13
289.png,7
290.png,3
291.png,10
292.png,9
293.png,3
294.png,9
295.png,8
296.png,13
297.png,7
298.png,2
299.png,16
300.png,6
301.png,14
302.png,15
303.png,6
304.png,4
305.png,10
306.png,10
307.png,7
308.png,15
309.png,14
310.png,4
311.png,11
312.png,2
313.png,5
314.png,15
315.png,16
316.png,4
317.png,3
318.png,11
319.png,8
320.png,11
321.png,8
322.png,12
323.png,3
324.png,5
325.png,14
326.png,16
327.png,2
328.png,12
329.png,10
330.png,6
331.png,15
332.png,14
333.png,1
334.png,14
335.png,15
336.png,1
337.png,12
338.png,10
339.png,7
340.png,9
341.png,3
342.png,7
343.png,13
344.png,8
345.png,2
346.png,6
347.png,16
348.png,6
349.png,16
350.png,2
351.png,7
352.png,13
353.png,8
354.png,9
355.png,12
356.png,3
357.png,3
358.png,10
359.png,11
360.png,4
361.png,15
362.png,14
363.png,5
364.png,4
365.png,14
366.png,15
367.png,2
368.png,10
369.png,8
370.png,11
371.png,3
372.png,16
373.png,5
374.png,2
375.png,2
376.png,16
377.png,5
378.png,3
379.png,8
380.png,11
381.png,5
382.png,16
383.png,2
384.png,11
385.png,8
386.png,3
387.png,3
388.png,11
389.png,8
390.png,2
391.png,5
392.png,16
393.png,2
394.png,15
395.png,14
396.png,4
397.png,10
398.png,11
399.png,10
400.png,3
401.png,5
402.png,14
403.png,15
404.png,4
405.png,2
406.png,16
407.png,6
408.png,3
409.png,12
410.png,9
411.png,8
412.png,13
413.png,7
414.png,8
415.png,13
416.png,7
417.png,3
418.png,9
419.png,16
420.png,6
421.png,2
422.png,1
423.png,15
424.png,14
425.png,7
426.png,10
427.png,12
428.png,10
429.png,12
430.png,1
431.png,14
432.png,15
433.png,6
434.png,3
435.png,12
436.png,8
437.png,11
438.png,2
439.png,16
440.png,14
441.png,5
442.png,4
443.png,16
444.png,15
445.png,5
446.png,2
447.png,8
448.png,11
449.png,3
450.png,7
451.png,10
452.png,4
453.png,14
454.png,15
455.png,4
456.png,6
457.png,15
458.png,14
459.png,10
460.png,7
461.png,13
462.png,8
463.png,9
464.png,3
465.png,6
466.png,16
467.png,2
468.png,2
469.png,6
470.png,1
471.png,16
472.png,9
473.png,10
474.png,3
475.png,7
476.png,13
477.png,8
478.png,12
479.png,10
480.png,13
481.png,14
482.png,15
483.png,16
484.png,1
485.png,15
486.png,14
487.png,1
488.png,11
489.png,8
490.png,9
491.png,12
492.png,10
493.png,9
494.png,3
495.png,11
496.png,13
497.png,2
498.png,15
499.png,5
500.png,4
501.png,14
502.png,5
503.png,2
504.png,11
505.png,13
506.png,9
507.png,3
508.png,15
509.png,14
510.png,4
511.png,14
512.png,15
513.png,4
514.png,8
515.png,13
516.png,7
517.png,10
518.png,9
519.png,1
520.png,16
521.png,6
522.png,16
523.png,6
524.png,9
525.png,8
526.png,13
527.png,7
528.png,12
529.png,10
530.png,9
531.png,8
532.png,1
533.png,4
534.png,5
535.png,16
536.png,4
537.png,1
538.png,13
539.png,12
540.png,10
541.png,5
542.png,2
543.png,13
544.png,11
545.png,3
546.png,9
547.png,3
548.png,9
549.png,13
550.png,11
551.png,2
552.png,5
553.png,4
554.png,1
555.png,5
556.png,14
557.png,15
558.png,3
559.png,11
560.png,1
561.png,4
562.png,15
563.png,14
564.png,2
565.png,6
566.png,16
567.png,9
568.png,7
569.png,13
570.png,8
571.png,7
572.png,13
573.png,8
574.png,9
575.png,12
576.png,6
577.png,16
578.png,6
579.png,4
580.png,1
581.png,10
582.png,12
583.png,10
584.png,12
585.png,7
586.png,1
587.png,4
588.png,16
589.png,6
590.png,9
591.png,13
592.png,8
593.png,7
594.png,13
595.png,8
596.png,7
597.png,9
598.png,12
599.png,16
600.png,6
601.png,4
602.png,1
603.png,6
604.png,12
605.png,10
606.png,12
607.png,10
608.png,7
609.png,1
610.png,4
611.png,5
612.png,2
613.png,13
614.png,11
615.png,9
616.png,3
617.png,9
618.png,3
619.png,13
620.png,11
621.png,2
622.png,5
623.png,5
624.png,14
625.png,15
626.png,4
627.png,1
628.png,3
629.png,11
630.png,15
631.png,14
632.png,1
633.png,4
634.png,2
635.png,7
636.png,8
637.png,13
638.png,10
639.png,9
640.png,6
641.png,16
642.png,1
643.png,6
644.png,16
645.png,9
646.png,7
647.png,8
648.png,13
649.png,10
650.png,12
651.png,9
652.png,8
653.png,5
654.png,1
655.png,4
656.png,4
657.png,1
658.png,16
659.png,13
660.png,10
661.png,12
662.png,3
663.png,9
664.png,11
665.png,13
666.png,2
667.png,4
668.png,15
669.png,5
670.png,14
671.png,5
672.png,2
673.png,11
674.png,13
675.png,3
676.png,9
677.png,4
678.png,15
679.png,14
680.png,4
681.png,14
682.png,15
683.png,13
684.png,8
685.png,7
686.png,3
687.png,9
688.png,16
689.png,6
690.png,2
691.png,2
692.png,16
693.png,1
694.png,6
695.png,3
696.png,9
697.png,10
698.png,13
699.png,8
700.png,7
701.png,10
702.png,12
703.png,13
704.png,1
705.png,16
706.png,14
707.png,15
708.png,1
709.png,15
710.png,14
711.png,8
712.png,11
713.png,9
714.png,10
715.png,12
716.png,12
717.png,3
718.png,11
719.png,8
720.png,2
721.png,14
722.png,5
723.png,16
724.png,15
725.png,5
726.png,16
727.png,4
728.png,2
729.png,11
730.png,8
731.png,3
732.png,7
733.png,10
734.png,14
735.png,15
736.png,4
737.png,15
738.png,14
739.png,6
740.png,4
741.png,10
742.png,2
743.png,6
744.png,16
745.png,12
746.png,9
747.png,3
748.png,7
749.png,8
750.png,13
751.png,7
752.png,8
753.png,13
754.png,9
755.png,3
756.png,6
757.png,16
758.png,2
759.png,15
760.png,14
761.png,1
762.png,7
763.png,12
764.png,10
765.png,12
766.png,10
767.png,6
768.png,14
769.png,15
770.png,1
771.png,16
772.png,5
773.png,2
774.png,8
775.png,11
776.png,3
777.png,3
778.png,8
779.png,11
780.png,2
781.png,16
782.png,5
783.png,2
784.png,4
785.png,15
786.png,14
787.png,10
788.png,11
789.png,3
790.png,10
791.png,4
792.png,5
793.png,14
794.png,15
795.png,10
796.png,3
797.png,11
798.png,15
799.png,14
800.png,5
801.png,4
802.png,14
803.png,15
804.png,4
805.png,2
806.png,10
807.png,11
808.png,8
809.png,3
810.png,5
811.png,16
812.png,2
813.png,2
814.png,5
815.png,16
816.png,3
817.png,11
818.png,8
819.png,10
820.png,12
821.png,1
822.png,15
823.png,14
824.png,6
825.png,1
826.png,14
827.png,15
828.png,10
829.png,12
830.png,7
831.png,3
832.png,9
833.png,13
834.png,8
835.png,7
836.png,2
837.png,16
838.png,6
839.png,16
840.png,6
841.png,2
842.png,13
843.png,8
844.png,7
845.png,3
846.png,9
847.png,12
848.png,4
849.png,6
850.png,14
851.png,15
852.png,10
853.png,10
854.png,7
855.png,4
856.png,15
857.png,14
858.png,2
859.png,4
860.png,16
861.png,5
862.png,15
863.png,3
864.png,8
865.png,11
866.png,8
867.png,11
868.png,3
869.png,12
870.png,16
871.png,5
872.png,14
873.png,2
874.png,14
875.png,15
876.png,1
877.png,12
878.png,10
879.png,9
880.png,11
881.png,8
882.png,13
883.png,12
884.png,10
885.png,15
886.png,14
887.png,16
888.png,1
889.png,6
890.png,1
891.png,16
892.png,2
893.png,7
894.png,8
895.png,13
896.png,10
897.png,9
898.png,3
899.png,9
900.png,3
901.png,7
902.png,8
903.png,13
904.png,2
905.png,6
906.png,16
907.png,15
908.png,14
909.png,4
910.png,14
911.png,15
912.png,4
913.png,2
914.png,5
915.png,14
916.png,9
917.png,3
918.png,13
919.png,11
920.png,13
921.png,11
922.png,9
923.png,3
924.png,5
925.png,15
926.png,4
927.png,2
928.png,16
929.png,1
930.png,4
931.png,12
932.png,10
933.png,13
934.png,8
935.png,9
936.png,12
937.png,10
938.png,4
939.png,1
940.png,5
941.png,16
942.png,6
943.png,13
944.png,8
945.png,7
946.png,9
947.png,9
948.png,10
949.png,13
950.png,8
951.png,7
952.png,1
953.png,16
954.png,6
955.png,2
956.png,4
957.png,1
958.png,14
959.png,15
960.png,1
961.png,4
962.png,15
963.png,14
964.png,5
965.png,11
966.png,3
967.png,13
968.png,3
969.png,9
970.png,5
971.png,2
972.png,2
973.png,5
974.png,3
975.png,9
976.png,11
977.png,13
978.png,7
979.png,10
980.png,12
981.png,4
982.png,1
983.png,6
984.png,1
985.png,4
986.png,10
987.png,12
988.png,12
989.png,9
990.png,7
991.png,8
992.png,13
993.png,6
994.png,16
995.png,6
996.png,16
997.png,7
998.png,8
999.png,13
1000.png,9
1001.png,16
1002.png,6
1003.png,13
1004.png,8
1005.png,7
1006.png,9
1007.png,9
1008.png,10
1009.png,13
1010.png,8
1011.png,7
1012.png,16
1013.png,1
1014.png,6
1015.png,1
1016.png,4
1017.png,16
1018.png,10
1019.png,12
1020.png,13
1021.png,8
1022.png,9
1023.png,10
1024.png,12
1025.png,4
1026.png,1
1027.png,5
1028.png,2
1029.png,14
1030.png,5
1031.png,9
1032.png,3
1033.png,13
1034.png,11
1035.png,13
1036.png,11
1037.png,9
1038.png,3
1039.png,5
1040.png,15
1041.png,4
1042.png,2
1043.png,15
1044.png,14
1045.png,1
1046.png,4
1047.png,14
1048.png,15
1049.png,4
1050.png,1
1051.png,12
1052.png,9
1053.png,7
1054.png,8
1055.png,13
1056.png,6
1057.png,16
1058.png,6
1059.png,16
1060.png,7
1061.png,8
1062.png,13
1063.png,9
1064.png,7
1065.png,12
1066.png,10
1067.png,4
1068.png,1
1069.png,6
1070.png,1
1071.png,4
1072.png,12
1073.png,10
1074.png,11
1075.png,13
1076.png,3
1077.png,9
1078.png,5
1079.png,2
1080.png,2
1081.png,5
1082.png,3
1083.png,9
1084.png,11
1085.png,13
1086.png,2
1087.png,4
1088.png,14
1089.png,15
1090.png,4
1091.png,15
1092.png,5
1093.png,14
1094.png,11
1095.png,3
1096.png,3
1097.png,9
1098.png,13
1099.png,8
1100.png,7
1101.png,2
1102.png,16
1103.png,6
1104.png,16
1105.png,6
1106.png,2
1107.png,13
1108.png,8
1109.png,7
1110.png,3
1111.png,9
1112.png,12
1113.png,12
1114.png,10
1115.png,1
1116.png,6
1117.png,15
1118.png,14
1119.png,1
1120.png,14
1121.png,15
1122.png,12
1123.png,10
1124.png,7
1125.png,8
1126.png,11
1127.png,3
1128.png,5
1129.png,16
1130.png,2
1131.png,2
1132.png,5
1133.png,16
1134.png,3
1135.png,8
1136.png,11
1137.png,10
1138.png,3
1139.png,11
1140.png,15
1141.png,5
1142.png,14
1143.png,4
1144.png,14
1145.png,15
1146.png,4
1147.png,2
1148.png,10
1149.png,6
1150.png,16
1151.png,1
1152.png,2
1153.png,7
1154.png,8
1155.png,13
1156.png,10
1157.png,9
1158.png,3
1159.png,9
1160.png,3
1161.png,7
1162.png,8
1163.png,13
1164.png,2
1165.png,6
1166.png,16
1167.png,14
1168.png,15
1169.png,1
1170.png,10
1171.png,12
1172.png,9
1173.png,8
1174.png,11
1175.png,13
1176.png,10
1177.png,12
1178.png,15
1179.png,14
1180.png,1
1181.png,16
1182.png,2
1183.png,16
1184.png,4
1185.png,5
1186.png,15
1187.png,3
1188.png,11
1189.png,8
1190.png,11
1191.png,8
1192.png,3
1193.png,12
1194.png,16
1195.png,14
1196.png,5
1197.png,2
1198.png,4
1199.png,14
1200.png,15
1201.png,6
1202.png,10
1203.png,10
1204.png,7
1205.png,4
1206.png,15
1207.png,14
1208.png,7
1209.png,10
1210.png,14
1211.png,15
1212.png,4
1213.png,6
1214.png,15
1215.png,14
1216.png,4
1217.png,10
1218.png,12
1219.png,3
1220.png,8
1221.png,11
1222.png,2
1223.png,5
1224.png,14
1225.png,16
1226.png,15
1227.png,5
1228.png,4
1229.png,16
1230.png,2
1231.png,8
1232.png,11
1233.png,3
1234.png,12
1235.png,10
1236.png,13
1237.png,16
1238.png,1
1239.png,14
1240.png,15
1241.png,1
1242.png,15
1243.png,14
1244.png,11
1245.png,8
1246.png,9
1247.png,12
1248.png,10
1249.png,13
1250.png,8
1251.png,7
1252.png,3
1253.png,9
1254.png,16
1255.png,6
1256.png,2
1257.png,2
1258.png,1
1259.png,16
1260.png,6
1261.png,3
1262.png,9
1263.png,10
1264.png,13
1265.png,8
1266.png,7
1267.png,2
1268.png,4
1269.png,15
1270.png,14
1271.png,10
1272.png,11
1273.png,3
1274.png,10
1275.png,4
1276.png,14
1277.png,5
1278.png,15
1279.png,16
1280.png,5
1281.png,2
1282.png,11
1283.png,8
1284.png,3
1285.png,3
1286.png,11
1287.png,8
1288.png,2
1289.png,16
1290.png,5
1291.png,15
1292.png,14
1293.png,1
1294.png,7
1295.png,10
1296.png,12
1297.png,10
1298.png,12
1299.png,14
1300.png,15
1301.png,6
1302.png,1
1303.png,2
1304.png,6
1305.png,16
1306.png,12
1307.png,9
1308.png,3
1309.png,7
1310.png,8
1311.png,13
1312.png,7
1313.png,8
1314.png,13
1315.png,9
1316.png,3
1317.png,6
1318.png,16
1319.png,2
1320.png,14
1321.png,5
1322.png,15
1323.png,4
1324.png,3
1325.png,11
1326.png,15
1327.png,14
1328.png,4
1329.png,2
1330.png,5
1331.png,2
1332.png,13
1333.png,11
1334.png,9
1335.png,3
1336.png,9
1337.png,3
1338.png,13
1339.png,11
1340.png,2
1341.png,5
1342.png,4
1343.png,1
1344.png,6
1345.png,10
1346.png,12
1347.png,10
1348.png,12
1349.png,7
1350.png,1
1351.png,4
1352.png,16
1353.png,6
1354.png,9
1355.png,13
1356.png,8
1357.png,7
1358.png,13
1359.png,8
1360.png,7
1361.png,9
1362.png,12
1363.png,16
1364.png,6
1365.png,1
1366.png,4
1367.png,15
1368.png,14
1369.png,4
1370.png,1
1371.png,14
1372.png,15
1373.png,3
1374.png,9
1375.png,11
1376.png,13
1377.png,2
1378.png,4
1379.png,15
1380.png,5
1381.png,5
1382.png,14
1383.png,2
1384.png,11
1385.png,13
1386.png,3
1387.png,9
1388.png,12
1389.png,10
1390.png,9
1391.png,8
1392.png,5
1393.png,1
1394.png,4
1395.png,16
1396.png,4
1397.png,1
1398.png,13
1399.png,12
1400.png,10
1401.png,7
1402.png,8
1403.png,13
1404.png,10
1405.png,9
1406.png,6
1407.png,1
1408.png,16
1409.png,6
1410.png,16
1411.png,9
1412.png,7
1413.png,8
1414.png,13
1415.png,8
1416.png,10
1417.png,12
1418.png,9
1419.png,1
1420.png,1
1421.png,16
1422.png,10
1423.png,12
1424.png,13
1425.png,10
1426.png,9
1427.png,8
1428.png,13
1429.png,7
1430.png,1
1431.png,6
1432.png,5
1433.png,16
1434.png,6
1435.png,5
1436.png,8
1437.png,13
1438.png,7
1439.png,9
1440.png,15
1441.png,14
1442.png,4
1443.png,14
1444.png,15
1445.png,4
1446.png,11
1447.png,3
1448.png,15
1449.png,5
1450.png,4
1451.png,2
1452.png,2
1453.png,14
1454.png,5
1455.png,3
1456.png,11
1457.png,6
1458.png,1
1459.png,12
1460.png,10
1461.png,7
1462.png,12
1463.png,10
1464.png,1
1465.png,5
1466.png,6
1467.png,4
1468.png,16
1469.png,7
1470.png,13
1471.png,8
1472.png,9
1473.png,9
1474.png,12
1475.png,7
1476.png,13
1477.png,8
1478.png,5
1479.png,6
1480.png,16
1481.png,4
1482.png,5
1483.png,14
1484.png,15
1485.png,11
1486.png,3
1487.png,9
1488.png,13
1489.png,2
1490.png,4
1491.png,15
1492.png,14
1493.png,2
1494.png,5
1495.png,3
1496.png,11
1497.png,11
1498.png,3
1499.png,5
1500.png,2
1501.png,1
1502.png,12
1503.png,10
1504.png,7
1505.png,12
1506.png,10
1507.png,1
1508.png,6
1509.png,16
1510.png,14
1511.png,6
1512.png,8
1513.png,11
1514.png,13
1515.png,7
1516.png,12
1517.png,9
1518.png,9
1519.png,8
1520.png,11
1521.png,13
1522.png,7
1523.png,16
1524.png,15
1525.png,6
1526.png,15
1527.png,14
1528.png,16
1529.png,4
1530.png,2
1531.png,12
1532.png,12
1533.png,3
1534.png,11
1535.png,8
1536.png,5
1537.png,14
1538.png,15
1539.png,4
1540.png,2
1541.png,5
1542.png,6
1543.png,3
1544.png,7
1545.png,11
1546.png,7
1547.png,11
1548.png,10
1549.png,3
1550.png,5
1551.png,6
1552.png,2
1553.png,13
1554.png,10
1555.png,12
1556.png,1
1557.png,16
1558.png,2
1559.png,1
1560.png,9
1561.png,10
1562.png,12
1563.png,3
1564.png,8
1565.png,9
1566.png,7
1567.png,13
1568.png,11
1569.png,8
1570.png,6
1571.png,16
1572.png,6
1573.png,16
1574.png,1
1575.png,7
1576.png,13
1577.png,11
1578.png,8
1579.png,9
1580.png,10
1581.png,12
1582.png,4
1583.png,14
1584.png,15
1585.png,4
1586.png,15
1587.png,14
1588.png,12
1589.png,11
1590.png,7
1591.png,3
1592.png,6
1593.png,14
1594.png,5
1595.png,2
1596.png,2
1597.png,4
1598.png,6
1599.png,15
1600.png,5
1601.png,3
1602.png,11
1603.png,7
1604.png,5
1605.png,15
1606.png,6
1607.png,4
1608.png,2
1609.png,7
1610.png,11
1611.png,3
1612.png,3
1613.png,7
1614.png,11
1615.png,2
1616.png,5
1617.png,14
1618.png,6
1619.png,14
1620.png,15
1621.png,4
1622.png,12
1623.png,12
1624.png,15
1625.png,14
1626.png,1
1627.png,16
1628.png,6
1629.png,10
1630.png,9
1631.png,8
1632.png,11
1633.png,13
1634.png,7
1635.png,8
1636.png,11
1637.png,13
1638.png,7
1639.png,9
1640.png,16
1641.png,6
1642.png,1
1643.png,8
1644.png,3
1645.png,12
1646.png,10
1647.png,9
1648.png,12
1649.png,10
1650.png,13
1651.png,2
1652.png,16
1653.png,1
1654.png,3
1655.png,10
1656.png,11
1657.png,7
1658.png,2
1659.png,6
1660.png,5
1661.png,6
1662.png,5
1663.png,2
1664.png,11
1665.png,7
1666.png,3
1667.png,8
1668.png,11
1669.png,3
1670.png,12
1671.png,4
1672.png,15
1673.png,14
1674.png,5
1675.png,2
1676.png,4
1677.png,16
1678.png,14
1679.png,15
1680.png,12
1681.png,7
1682.png,13
1683.png,11
1684.png,8
1685.png,9
1686.png,6
1687.png,15
1688.png,16
1689.png,6
1690.png,14
1691.png,16
1692.png,9
1693.png,12
1694.png,7
1695.png,13
1696.png,11
1697.png,8
1698.png,10
1699.png,12
1700.png,6
1701.png,1
1702.png,1
1703.png,7
1704.png,10
1705.png,12
1706.png,3
1707.png,11
1708.png,2
1709.png,5
1710.png,5
1711.png,2
1712.png,11
1713.png,3
1714.png,13
1715.png,14
1716.png,15
1717.png,4
1718.png,2
1719.png,15
1720.png,14
1721.png,5
1722.png,4
1723.png,9
1724.png,3
1725.png,11
1726.png,8
1727.png,13
1728.png,7
1729.png,12
1730.png,9
1731.png,16
1732.png,6
1733.png,5
1734.png,16
1735.png,4
1736.png,6
1737.png,5
1738.png,9
1739.png,8
1740.png,13
1741.png,7
1742.png,10
1743.png,12
1744.png,7
1745.png,1
1746.png,1
1747.png,6
1748.png,10
1749.png,12
1750.png,5
1751.png,14
1752.png,2
1753.png,11
1754.png,3
1755.png,3
1756.png,11
1757.png,2
1758.png,4
1759.png,5
1760.png,15
1761.png,4
1762.png,15
1763.png,14
1764.png,4
1765.png,14
1766.png,15
1767.png,5
1768.png,6
1769.png,16
1770.png,9
1771.png,7
1772.png,13
1773.png,7
1774.png,13
1775.png,8
1776.png,9
1777.png,10
1778.png,5
1779.png,6
1780.png,1
1781.png,16
1782.png,16
1783.png,1
1784.png,13
1785.png,12
1786.png,10
1787.png,9
1788.png,12
1789.png,10
1790.png,8
1791.png,1
1792.png,12
1793.png,10
1794.png,7
1795.png,1
1796.png,1
1797.png,6
1798.png,12
1799.png,10
1800.png,8
1801.png,13
1802.png,7
1803.png,12
1804.png,9
1805.png,16
1806.png,5
1807.png,6
1808.png,13
1809.png,4
1810.png,16
1811.png,5
1812.png,6
1813.png,9
1814.png,8
1815.png,13
1816.png,7
1817.png,13
1818.png,14
1819.png,15
1820.png,4
1821.png,2
1822.png,15
1823.png,5
1824.png,14
1825.png,4
1826.png,9
1827.png,3
1828.png,11
1829.png,3
1830.png,11
1831.png,2
1832.png,5
1833.png,5
1834.png,1
1835.png,2
1836.png,11
1837.png,3
1838.png,1
1839.png,16
1840.png,13
1841.png,10
1842.png,12
1843.png,9
1844.png,10
1845.png,12
1846.png,8
1847.png,1
1848.png,6
1849.png,5
1850.png,16
1851.png,9
1852.png,7
1853.png,13
1854.png,8
1855.png,7
1856.png,13
1857.png,8
1858.png,9
1859.png,10
1860.png,6
1861.png,5
1862.png,16
1863.png,1
1864.png,4
1865.png,15
1866.png,14
1867.png,4
1868.png,14
1869.png,15
1870.png,14
1871.png,5
1872.png,2
1873.png,11
1874.png,3
1875.png,3
1876.png,11
1877.png,2
1878.png,4
1879.png,5
1880.png,15
1881.png,1
1882.png,8
1883.png,3
1884.png,10
1885.png,12
1886.png,9
1887.png,10
1888.png,12
1889.png,13
1890.png,2
1891.png,1
1892.png,16
1893.png,16
1894.png,1
1895.png,6
1896.png,10
1897.png,9
1898.png,11
1899.png,8
1900.png,13
1901.png,7
1902.png,11
1903.png,8
1904.png,13
1905.png,7
1906.png,9
1907.png,16
1908.png,6
1909.png,14
1910.png,15
1911.png,4
1912.png,12
1913.png,12
1914.png,15
1915.png,14
1916.png,4
1917.png,6
1918.png,5
1919.png,15
1920.png,4
1921.png,2
1922.png,7
1923.png,11
1924.png,3
1925.png,3
1926.png,7
1927.png,11
1928.png,2
1929.png,6
1930.png,14
1931.png,5
1932.png,12
1933.png,10
1934.png,6
1935.png,1
1936.png,1
1937.png,7
1938.png,12
1939.png,10
1940.png,7
1941.png,13
1942.png,8
1943.png,11
1944.png,9
1945.png,15
1946.png,6
1947.png,16
1948.png,14
1949.png,6
1950.png,16
1951.png,9
1952.png,12
1953.png,7
1954.png,13
1955.png,8
1956.png,11
1957.png,11
1958.png,8
1959.png,15
1960.png,3
1961.png,12
1962.png,4
1963.png,15
1964.png,5
1965.png,14
1966.png,2
1967.png,16
1968.png,4
1969.png,14
1970.png,15
1971.png,12
1972.png,3
1973.png,10
1974.png,11
1975.png,7
1976.png,2
1977.png,5
1978.png,6
1979.png,5
1980.png,6
1981.png,2
1982.png,11
1983.png,7
1984.png,3
1985.png,2
1986.png,6
1987.png,5
1988.png,3
1989.png,7
1990.png,11
1991.png,7
1992.png,11
1993.png,10
1994.png,3
1995.png,6
1996.png,5
1997.png,2
1998.png,15
1999.png,14
2000.png,4
2001.png,16
2002.png,2
2003.png,12
2004.png,12
2005.png,3
2006.png,8
2007.png,11
2008.png,14
2009.png,5
2010.png,15
2011.png,4
2012.png,16
2013.png,6
2014.png,14
2015.png,11
2016.png,8
2017.png,13
2018.png,7
2019.png,12
2020.png,9
2021.png,9
2022.png,11
2023.png,8
2024.png,13
2025.png,7
2026.png,16
2027.png,6
2028.png,15
2029.png,1
2030.png,10
2031.png,12
2032.png,7
2033.png,10
2034.png,12
2035.png,1
2036.png,6
2037.png,11
2038.png,7
2039.png,3
2040.png,5
2041.png,14
2042.png,6
2043.png,2
2044.png,2
2045.png,4
2046.png,15
2047.png,5
2048.png,6
2049.png,3
2050.png,11
2051.png,7
2052.png,12
2053.png,4
2054.png,14
2055.png,15
2056.png,4
2057.png,15
2058.png,14
2059.png,12
2060.png,9
2061.png,7
2062.png,13
2063.png,8
2064.png,11
2065.png,6
2066.png,16
2067.png,6
2068.png,1
2069.png,16
2070.png,7
2071.png,13
2072.png,8
2073.png,11
2074.png,9
2075.png,10
2076.png,13
2077.png,12
2078.png,10
2079.png,16
2080.png,1
2081.png,2
2082.png,1
2083.png,9
2084.png,12
2085.png,10
2086.png,3
2087.png,8
2088.png,11
2089.png,3
2090.png,15
2091.png,5
2092.png,4
2093.png,2
2094.png,2
2095.png,5
2096.png,14
2097.png,3
2098.png,11
2099.png,15
2100.png,4
2101.png,14
2102.png,15
2103.png,4
2104.png,10
2105.png,9
2106.png,8
2107.png,13
2108.png,7
2109.png,1
2110.png,16
2111.png,5
2112.png,6
2113.png,16
2114.png,5
2115.png,6
2116.png,8
2117.png,13
2118.png,7
2119.png,9
2120.png,8
2121.png,12
2122.png,10
2123.png,9
2124.png,1
2125.png,16
2126.png,1
2127.png,12
2128.png,10
2129.png,13
2130.png,2
2131.png,1
2132.png,5
2133.png,3
2134.png,11
2135.png,11
2136.png,3
2137.png,5
2138.png,2
2139.png,4
2140.png,14
2141.png,5
2142.png,15
2143.png,11
2144.png,3
2145.png,9
2146.png,13
2147.png,2
2148.png,4
2149.png,15
2150.png,14
2151.png,6
2152.png,5
2153.png,16
2154.png,4
2155.png,7
2156.png,13
2157.png,8
2158.png,9
2159.png,9
2160.png,12
2161.png,7
2162.png,13
2163.png,8
2164.png,6
2165.png,5
2166.png,16
2167.png,6
2168.png,1
2169.png,10
2170.png,12
2171.png,7
2172.png,10
2173.png,12
2174.png,1
2175.png,4
2176.png,16
2177.png,5
2178.png,6
2179.png,13
2180.png,8
2181.png,7
2182.png,9
2183.png,9
2184.png,12
2185.png,13
2186.png,8
2187.png,7
2188.png,16
2189.png,5
2190.png,6
2191.png,1
2192.png,6
2193.png,12
2194.png,10
2195.png,7
2196.png,12
2197.png,10
2198.png,1
2199.png,2
2200.png,5
2201.png,1
2202.png,3
2203.png,11
2204.png,11
2205.png,3
2206.png,5
2207.png,2
2208.png,14
2209.png,5
2210.png,15
2211.png,4
2212.png,11
2213.png,9
2214.png,3
2215.png,13
2216.png,2
2217.png,15
2218.png,14
2219.png,4
2220.png,10
2221.png,9
2222.png,7
2223.png,8
2224.png,13
2225.png,6
2226.png,5
2227.png,16
2228.png,1
2229.png,6
2230.png,5
2231.png,16
2232.png,7
2233.png,8
2234.png,13
2235.png,9
2236.png,8
2237.png,10
2238.png,12
2239.png,9
2240.png,1
2241.png,1
2242.png,16
2243.png,10
2244.png,12
2245.png,13
2246.png,11
2247.png,3
2248.png,4
2249.png,15
2250.png,5
2251.png,2
2252.png,2
2253.png,5
2254.png,14
2255.png,3
2256.png,11
2257.png,4
2258.png,15
2259.png,14
2260.png,4
2261.png,14
2262.png,15
2263.png,9
2264.png,13
2265.png,11
2266.png,8
2267.png,7
2268.png,16
2269.png,6
2270.png,16
2271.png,1
2272.png,6
2273.png,13
2274.png,11
2275.png,8
2276.png,7
2277.png,9
2278.png,10
2279.png,13
2280.png,10
2281.png,12
2282.png,1
2283.png,16
2284.png,2
2285.png,1
2286.png,3
2287.png,9
2288.png,10
2289.png,12
2290.png,8
2291.png,7
2292.png,11
2293.png,3
2294.png,6
2295.png,5
2296.png,14
2297.png,2
2298.png,2
2299.png,6
2300.png,15
2301.png,5
2302.png,4
2303.png,3
2304.png,7
2305.png,11
2306.png,12
2307.png,14
2308.png,15
2309.png,4
2310.png,15
2311.png,14
2312.png,4
2313.png,12
2314.png,14
2315.png,6
2316.png,16
2317.png,7
2318.png,8
2319.png,11
2320.png,13
2321.png,12
2322.png,9
2323.png,9
2324.png,7
2325.png,8
2326.png,11
2327.png,13
2328.png,15
2329.png,6
2330.png,16
2331.png,1
2332.png,12
2333.png,10
2334.png,7
2335.png,12
2336.png,10
2337.png,6
2338.png,1
2339.png,2
2340.png,5
2341.png,6
2342.png,3
2343.png,11
2344.png,7
2345.png,11
2346.png,7
2347.png,3
2348.png,10
2349.png,5
2350.png,6
2351.png,2
2352.png,16
2353.png,4
2354.png,15
2355.png,14
2356.png,2
2357.png,14
2358.png,12
2359.png,3
2360.png,12
2361.png,11
2362.png,8
2363.png,4
2364.png,14
2365.png,5
2366.png,15
2367.png,8
2368.png,11
2369.png,12
2370.png,3
2371.png,15
2372.png,5
2373.png,14
2374.png,4
2375.png,2
2376.png,14
2377.png,15
2378.png,4
2379.png,16
2380.png,12
2381.png,10
2382.png,3
2383.png,7
2384.png,11
2385.png,2
2386.png,6
2387.png,5
2388.png,6
2389.png,5
2390.png,2
2391.png,7
2392.png,11
2393.png,3
2394.png,10
2395.png,12
2396.png,1
2397.png,6
2398.png,1
2399.png,7
2400.png,10
2401.png,12
2402.png,13
2403.png,11
2404.png,8
2405.png,7
2406.png,9
2407.png,16
2408.png,6
2409.png,15
2410.png,16
2411.png,6
2412.png,14
2413.png,9
2414.png,12
2415.png,13
2416.png,11
2417.png,8
2418.png,7
2419.png,4
2420.png,14
2421.png,15
2422.png,12
2423.png,12
2424.png,4
2425.png,15
2426.png,14
2427.png,4
2428.png,5
2429.png,15
2430.png,6
2431.png,2
2432.png,11
2433.png,7
2434.png,3
2435.png,3
2436.png,11
2437.png,7
2438.png,2
2439.png,14
2440.png,5
2441.png,6
2442.png,1
2443.png,8
2444.png,12
2445.png,10
2446.png,9
2447.png,3
2448.png,12
2449.png,10
2450.png,13
2451.png,2
2452.png,16
2453.png,1
2454.png,6
2455.png,1
2456.png,16
2457.png,10
2458.png,9
2459.png,7
2460.png,8
2461.png,11
2462.png,7
2463.png,8
2464.png,11
2465.png,13
2466.png,9
2467.png,6
2468.png,16
2469.png,14
2470.png,4
2471.png,14
2472.png,15
2473.png,4
2474.png,14
2475.png,5
2476.png,2
2477.png,11
2478.png,3
2479.png,3
2480.png,11
2481.png,2
2482.png,5
2483.png,15
2484.png,4
2485.png,16
2486.png,1
2487.png,13
2488.png,12
2489.png,10
2490.png,9
2491.png,12
2492.png,10
2493.png,8
2494.png,1
2495.png,16
2496.png,5
2497.png,6
2498.png,9
2499.png,13
2500.png,8
2501.png,7
2502.png,13
2503.png,8
2504.png,7
2505.png,9
2506.png,10
2507.png,1
2508.png,16
2509.png,5
2510.png,6
2511.png,13
2512.png,4
2513.png,14
2514.png,15
2515.png,2
2516.png,4
2517.png,15
2518.png,5
2519.png,14
2520.png,3
2521.png,9
2522.png,11
2523.png,3
2524.png,11
2525.png,2
2526.png,5
2527.png,1
2528.png,5
2529.png,2
2530.png,11
2531.png,3
2532.png,10
2533.png,12
2534.png,7
2535.png,1
2536.png,6
2537.png,1
2538.png,10
2539.png,12
2540.png,7
2541.png,8
2542.png,13
2543.png,12
2544.png,9
2545.png,6
2546.png,5
2547.png,16
2548.png,6
2549.png,5
2550.png,16
2551.png,4
2552.png,9
2553.png,7
2554.png,8
2555.png,13
2556.png,16
2557.png,6
2558.png,5
2559.png,9
2560.png,13
2561.png,8
2562.png,7
2563.png,13
2564.png,8
2565.png,7
2566.png,9
2567.png,10
2568.png,16
2569.png,1
2570.png,6
2571.png,5
2572.png,1
2573.png,16
2574.png,13
2575.png,10
2576.png,12
2577.png,9
2578.png,10
2579.png,12
2580.png,8
2581.png,1
2582.png,5
2583.png,14
2584.png,2
2585.png,11
2586.png,3
2587.png,3
2588.png,11
2589.png,2
2590.png,5
2591.png,15
2592.png,4
2593.png,15
2594.png,14
2595.png,4
2596.png,14
2597.png,15
2598.png,4
2599.png,7
2600.png,8
2601.png,13
2602.png,12
2603.png,9
2604.png,5
2605.png,6
2606.png,16
2607.png,5
2608.png,6
2609.png,4
2610.png,16
2611.png,9
2612.png,7
2613.png,8
2614.png,13
2615.png,12
2616.png,10
2617.png,7
2618.png,1
2619.png,6
2620.png,1
2621.png,12
2622.png,10
2623.png,3
2624.png,11
2625.png,2
2626.png,5
2627.png,5
2628.png,2
2629.png,11
2630.png,3
2631.png,13
2632.png,4
2633.png,14
2634.png,15
2635.png,2
2636.png,4
2637.png,15
2638.png,14
2639.png,5
2640.png,3
2641.png,4
2642.png,9
2643.png,11
2644.png,13
2645.png,8
2646.png,11
2647.png,7
2648.png,9
2649.png,16
2650.png,15
2651.png,6
2652.png,8
2653.png,16
2654.png,14
2655.png,6
2656.png,9
2657.png,12
2658.png,13
2659.png,8
2660.png,11
2661.png,7
2662.png,12
2663.png,10
2664.png,1
2665.png,6
2666.png,1
2667.png,7
2668.png,12
2669.png,10
2670.png,10
2671.png,3
2672.png,7
2673.png,11
2674.png,2
2675.png,5
2676.png,6
2677.png,5
2678.png,6
2679.png,2
2680.png,7
2681.png,11
2682.png,3
2683.png,11
2684.png,8
2685.png,12
2686.png,3
2687.png,15
2688.png,14
2689.png,5
2690.png,4
2691.png,2
2692.png,14
2693.png,15
2694.png,16
2695.png,4
2696.png,12
2697.png,6
2698.png,16
2699.png,1
2700.png,10
2701.png,9
2702.png,7
2703.png,11
2704.png,8
2705.png,13
2706.png,7
2707.png,11
2708.png,8
2709.png,13
2710.png,9
2711.png,6
2712.png,16
2713.png,1
2714.png,8
2715.png,10
2716.png,12
2717.png,9
2718.png,3
2719.png,10
2720.png,12
2721.png,13
2722.png,2
2723.png,16
2724.png,4
2725.png,6
2726.png,5
2727.png,15
2728.png,2
2729.png,11
2730.png,7
2731.png,3
2732.png,3
2733.png,11
2734.png,7
2735.png,2
2736.png,6
2737.png,5
2738.png,14
2739.png,4
2740.png,14
2741.png,15
2742.png,12
2743.png,12
2744.png,4
2745.png,15
2746.png,14
2747.png,12
2748.png,14
2749.png,15
2750.png,4
2751.png,15
2752.png,14
2753.png,4
2754.png,12
2755.png,7
2756.png,11
2757.png,3
2758.png,14
2759.png,5
2760.png,6
2761.png,2
2762.png,2
2763.png,15
2764.png,5
2765.png,6
2766.png,4
2767.png,3
2768.png,7
2769.png,11
2770.png,13
2771.png,12
2772.png,10
2773.png,16
2774.png,1
2775.png,2
2776.png,1
2777.png,3
2778.png,9
2779.png,12
2780.png,10
2781.png,8
2782.png,9
2783.png,13
2784.png,8
2785.png,11
2786.png,7
2787.png,16
2788.png,6
2789.png,1
2790.png,16
2791.png,6
2792.png,13
2793.png,8
2794.png,11
2795.png,7
2796.png,9
2797.png,10
2798.png,4
2799.png,16
2800.png,15
2801.png,14
2802.png,2
2803.png,12
2804.png,3
2805.png,12
2806.png,8
2807.png,11
2808.png,4
2809.png,5
2810.png,14
2811.png,15
2812.png,2
2813.png,6
2814.png,5
2815.png,3
2816.png,11
2817.png,7
2818.png,11
2819.png,7
2820.png,3
2821.png,10
2822.png,6
2823.png,5
2824.png,2
2825.png,1
2826.png,10
2827.png,12
2828.png,7
2829.png,10
2830.png,12
2831.png,6
2832.png,1
2833.png,6
2834.png,14
2835.png,16
2836.png,7
2837.png,11
2838.png,8
2839.png,13
2840.png,16
2841.png,12
2842.png,9
2843.png,9
2844.png,7
2845.png,11
2846.png,8
2847.png,13
2848.png,6
2849.png,15
2850.png,16
2851.png,5
2852.png,14
2853.png,15
2854.png,4
2855.png,11
2856.png,9
2857.png,3
2858.png,13
2859.png,2
2860.png,15
2861.png,14
2862.png,4
2863.png,2
2864.png,5
2865.png,3
2866.png,11
2867.png,11
2868.png,3
2869.png,5
2870.png,2
2871.png,1
2872.png,6
2873.png,10
2874.png,12
2875.png,7
2876.png,10
2877.png,12
2878.png,1
2879.png,16
2880.png,4
2881.png,6
2882.png,5
2883.png,13
2884.png,8
2885.png,7
2886.png,9
2887.png,9
2888.png,12
2889.png,13
2890.png,8
2891.png,7
2892.png,16
2893.png,6
2894.png,5
2895.png,4
2896.png,15
2897.png,14
2898.png,4
2899.png,14
2900.png,15
2901.png,11
2902.png,3
2903.png,4
2904.png,15
2905.png,5
2906.png,2
2907.png,2
2908.png,14
2909.png,5
2910.png,3
2911.png,11
2912.png,8
2913.png,12
2914.png,10
2915.png,9
2916.png,1
2917.png,16
2918.png,1
2919.png,12
2920.png,10
2921.png,13
2922.png,10
2923.png,9
2924.png,7
2925.png,8
2926.png,13
2927.png,5
2928.png,6
2929.png,1
2930.png,16
2931.png,5
2932.png,6
2933.png,16
2934.png,7
2935.png,8
2936.png,13
2937.png,9
2938.png,10
2939.png,1
2940.png,6
2941.png,12
2942.png,10
2943.png,7
2944.png,12
2945.png,10
2946.png,1
2947.png,16
2948.png,15
2949.png,6
2950.png,8
2951.png,11
2952.png,13
2953.png,7
2954.png,9
2955.png,12
2956.png,9
2957.png,8
2958.png,11
2959.png,13
2960.png,7
2961.png,16
2962.png,14
2963.png,6
2964.png,14
2965.png,5
2966.png,15
2967.png,4
2968.png,11
2969.png,8
2970.png,12
2971.png,3
2972.png,12
2973.png,2
2974.png,15
2975.png,14
2976.png,16
2977.png,4
2978.png,2
2979.png,5
2980.png,6
2981.png,10
2982.png,3
2983.png,7
2984.png,11
2985.png,7
2986.png,11
2987.png,3
2988.png,5
2989.png,6
2990.png,2
2991.png,8
2992.png,9
2993.png,10
2994.png,12
2995.png,3
2996.png,1
2997.png,2
2998.png,1
2999.png,16
3000.png,10
3001.png,12
3002.png,13
3003.png,9
3004.png,10
3005.png,7
3006.png,13
3007.png,11
3008.png,8
3009.png,6
3010.png,16
3011.png,1
3012.png,6
3013.png,16
3014.png,7
3015.png,13
3016.png,11
3017.png,8
3018.png,9
3019.png,12
3020.png,4
3021.png,15
3022.png,14
3023.png,4
3024.png,14
3025.png,15
3026.png,12
3027.png,11
3028.png,7
3029.png,3
3030.png,4
3031.png,6
3032.png,15
3033.png,5
3034.png,2
3035.png,2
3036.png,6
3037.png,5
3038.png,14
3039.png,3
3040.png,11
3041.png,7
3042.png,13
3043.png,10
3044.png,12
3045.png,1
3046.png,16
3047.png,1
3048.png,10
3049.png,12
3050.png,9
3051.png,8
3052.png,9
3053.png,8
3054.png,13
3055.png,7
3056.png,16
3057.png,6
3058.png,5
3059.png,16
3060.png,1
3061.png,6
3062.png,5
3063.png,8
3064.png,13
3065.png,7
3066.png,10
3067.png,9
3068.png,14
3069.png,15
3070.png,4
3071.png,15
3072.png,14
3073.png,4
3074.png,11
3075.png,3
3076.png,5
3077.png,14
3078.png,2
3079.png,2
3080.png,15
3081.png,5
3082.png,4
3083.png,3
3084.png,11
3085.png,1
3086.png,12
3087.png,10
3088.png,7
3089.png,12
3090.png,10
3091.png,6
3092.png,1
3093.png,5
3094.png,6
3095.png,16
3096.png,7
3097.png,13
3098.png,8
3099.png,9
3100.png,12
3101.png,9
3102.png,7
3103.png,13
3104.png,8
3105.png,5
3106.png,6
3107.png,4
3108.png,16
3109.png,9
3110.png,4
3111.png,15
3112.png,14
3113.png,2
3114.png,13
3115.png,3
3116.png,9
3117.png,11
3118.png,4
3119.png,14
3120.png,5
3121.png,15
3122.png,2
3123.png,5
3124.png,3
3125.png,11
3126.png,11
3127.png,3
3128.png,1
3129.png,5
3130.png,2
3131.png,3
3132.png,11
3133.png,2
3134.png,5
3135.png,1
3136.png,5
3137.png,2
3138.png,11
3139.png,3
3140.png,11
3141.png,9
3142.png,3
3143.png,15
3144.png,5
3145.png,14
3146.png,4
3147.png,2
3148.png,14
3149.png,15
3150.png,4
3151.png,13
3152.png,8
3153.png,13
3154.png,7
3155.png,9
3156.png,16
3157.png,4
3158.png,6
3159.png,5
3160.png,16
3161.png,6
3162.png,5
3163.png,12
3164.png,9
3165.png,8
3166.png,13
3167.png,7
3168.png,10
3169.png,12
3170.png,1
3171.png,6
3172.png,1
3173.png,7
3174.png,10
3175.png,12
3176.png,4
3177.png,5
3178.png,15
3179.png,2
3180.png,11
3181.png,3
3182.png,3
3183.png,11
3184.png,2
3185.png,14
3186.png,5
3187.png,4
3188.png,14
3189.png,15
3190.png,4
3191.png,15
3192.png,14
3193.png,5
3194.png,6
3195.png,1
3196.png,16
3197.png,9
3198.png,10
3199.png,7
3200.png,13
3201.png,8
3202.png,7
3203.png,13
3204.png,8
3205.png,9
3206.png,5
3207.png,6
3208.png,16
3209.png,1
3210.png,8
3211.png,9
3212.png,12
3213.png,10
3214.png,12
3215.png,10
3216.png,13
3217.png,16
3218.png,1
3219.png,14
3220.png,5
3221.png,6
3222.png,2
3223.png,7
3224.png,11
3225.png,3
3226.png,3
3227.png,7
3228.png,11
3229.png,2
3230.png,5
3231.png,15
3232.png,6
3233.png,4
3234.png,15
3235.png,14
3236.png,4
3237.png,12
3238.png,12
3239.png,14
3240.png,15
3241.png,4
3242.png,16
3243.png,6
3244.png,9
3245.png,8
3246.png,11
3247.png,13
3248.png,7
3249.png,8
3250.png,11
3251.png,13
3252.png,7
3253.png,10
3254.png,9
3255.png,1
3256.png,16
3257.png,6
3258.png,16
3259.png,1
3260.png,2
3261.png,13
3262.png,12
3263.png,10
3264.png,3
3265.png,12
3266.png,10
3267.png,9
3268.png,8
3269.png,1
3270.png,3
3271.png,11
3272.png,7
3273.png,2
3274.png,6
3275.png,5
3276.png,6
3277.png,5
3278.png,2
3279.png,11
3280.png,7
3281.png,3
3282.png,10
3283.png,12
3284.png,4
3285.png,16
3286.png,14
3287.png,15
3288.png,2
3289.png,4
3290.png,15
3291.png,5
3292.png,14
3293.png,3
3294.png,12
3295.png,8
3296.png,11
3297.png,7
3298.png,13
3299.png,11
3300.png,8
3301.png,9
3302.png,12
3303.png,6
3304.png,14
3305.png,16
3306.png,6
3307.png,15
3308.png,16
3309.png,9
3310.png,7
3311.png,13
3312.png,11
3313.png,8
3314.png,10
3315.png,12
3316.png,7
3317.png,1
3318.png,6
3319.png,1
3320.png,10
3321.png,12
3322.png,1
3323.png,16
3324.png,2
3325.png,13
3326.png,10
3327.png,12
3328.png,3
3329.png,10
3330.png,12
3331.png,9
3332.png,8
3333.png,1
3334.png,16
3335.png,6
3336.png,9
3337.png,11
3338.png,8
3339.png,13
3340.png,7
3341.png,11
3342.png,8
3343.png,13
3344.png,7
3345.png,10
3346.png,9
3347.png,16
3348.png,1
3349.png,6
3350.png,15
3351.png,14
3352.png,4
3353.png,12
3354.png,12
3355.png,14
3356.png,15
3357.png,4
3358.png,6
3359.png,5
3360.png,14
3361.png,2
3362.png,7
3363.png,2
3364.png,11
3365.png,3
3366.png,3
3367.png,7
3368.png,11
3369.png,2
3370.png,6
3371.png,3
3372.png,5
3373.png,15
3374.png,4
3375.png,12
3376.png,10
3377.png,7
3378.png,1
3379.png,6
3380.png,1
3381.png,12
3382.png,10
3383.png,7
3384.png,13
3385.png,8
3386.png,11
3387.png,9
3388.png,12
3389.png,14
3390.png,6
3391.png,16
3392.png,15
3393.png,6
3394.png,16
3395.png,9
3396.png,7
3397.png,13
3398.png,8
3399.png,11
3400.png,12
3401.png,16
3402.png,4
3403.png,14
3404.png,15
3405.png,2
3406.png,4
3407.png,15
3408.png,14
3409.png,5
3410.png,3
3411.png,12
3412.png,11
3413.png,8
3414.png,3
3415.png,11
3416.png,7
3417.png,2
3418.png,5
3419.png,6
3420.png,5
3421.png,6
3422.png,2
3423.png,11
3424.png,7
3425.png,3
3426.png,10
3427.png,12
3428.png,10
3429.png,1
3430.png,6
3431.png,1
3432.png,7
3433.png,12
3434.png,10
3435.png,8
3436.png,13
3437.png,7
3438.png,9
3439.png,4
3440.png,16
3441.png,5
3442.png,6
3443.png,16
3444.png,5
3445.png,6
3446.png,12
3447.png,9
3448.png,8
3449.png,13
3450.png,7
3451.png,11
3452.png,9
3453.png,3
3454.png,15
3455.png,14
3456.png,5
3457.png,4
3458.png,2
3459.png,14
3460.png,15
3461.png,4
3462.png,13
3463.png,3
3464.png,11
3465.png,2
3466.png,5
3467.png,1
3468.png,5
3469.png,2
3470.png,11
3471.png,3
3472.png,1
3473.png,8
3474.png,9
3475.png,10
3476.png,12
3477.png,10
3478.png,12
3479.png,13
3480.png,1
3481.png,16
3482.png,6
3483.png,5
3484.png,16
3485.png,1
3486.png,9
3487.png,10
3488.png,7
3489.png,13
3490.png,8
3491.png,7
3492.png,13
3493.png,8
3494.png,9
3495.png,6
3496.png,5
3497.png,16
3498.png,4
3499.png,14
3500.png,15
3501.png,4
3502.png,15
3503.png,14
3504.png,4
3505.png,5
3506.png,15
3507.png,2
3508.png,11
3509.png,3
3510.png,3
3511.png,11
3512.png,2
3513.png,5
3514.png,14
3515.png,11
3516.png,3
3517.png,14
3518.png,5
3519.png,2
3520.png,2
3521.png,15
3522.png,5
3523.png,4
3524.png,3
3525.png,11
3526.png,14
3527.png,15
3528.png,4
3529.png,15
3530.png,14
3531.png,4
3532.png,9
3533.png,8
3534.png,13
3535.png,7
3536.png,16
3537.png,5
3538.png,6
3539.png,1
3540.png,16
3541.png,5
3542.png,6
3543.png,8
3544.png,13
3545.png,7
3546.png,10
3547.png,9
3548.png,13
3549.png,12
3550.png,10
3551.png,16
3552.png,1
3553.png,1
3554.png,12
3555.png,10
3556.png,9
3557.png,8
3558.png,2
3559.png,5
3560.png,3
3561.png,11
3562.png,11
3563.png,3
3564.png,1
3565.png,5
3566.png,2
3567.png,4
3568.png,15
3569.png,14
3570.png,2
3571.png,13
3572.png,3
3573.png,9
3574.png,11
3575.png,4
3576.png,5
3577.png,14
3578.png,15
3579.png,6
3580.png,5
3581.png,16
3582.png,7
3583.png,13
3584.png,8
3585.png,9
3586.png,12
3587.png,9
3588.png,7
3589.png,13
3590.png,8
3591.png,6
3592.png,5
3593.png,16
3594.png,4
3595.png,1
3596.png,10
3597.png,12
3598.png,7
3599.png,10
3600.png,12
3601.png,6
3602.png,1
3603.png,2
3604.png,6
3605.png,5
3606.png,10
3607.png,3
3608.png,7
3609.png,11
3610.png,7
3611.png,11
3612.png,3
3613.png,6
3614.png,5
3615.png,2
3616.png,5
3617.png,14
3618.png,15
3619.png,4
3620.png,8
3621.png,11
3622.png,12
3623.png,3
3624.png,12
3625.png,2
3626.png,15
3627.png,14
3628.png,4
3629.png,16
3630.png,16
3631.png,6
3632.png,15
3633.png,11
3634.png,8
3635.png,13
3636.png,7
3637.png,9
3638.png,12
3639.png,9
3640.png,11
3641.png,8
3642.png,13
3643.png,7
3644.png,16
3645.png,6
3646.png,14
3647.png,1
3648.png,6
3649.png,10
3650.png,12
3651.png,7
3652.png,10
3653.png,12
3654.png,1
3655.png,11
3656.png,7
3657.png,3
3658.png,4
3659.png,15
3660.png,5
3661.png,6
3662.png,2
3663.png,2
3664.png,14
3665.png,5
3666.png,6
3667.png,3
3668.png,11
3669.png,7
3670.png,12
3671.png,4
3672.png,15
3673.png,14
3674.png,4
3675.png,14
3676.png,15
3677.png,12
3678.png,9
3679.png,10
3680.png,7
3681.png,13
3682.png,8
3683.png,11
3684.png,6
3685.png,1
3686.png,16
3687.png,6
3688.png,16
3689.png,7
3690.png,13
3691.png,8
3692.png,11
3693.png,9
3694.png,8
3695.png,9
3696.png,12
3697.png,10
3698.png,3
3699.png,1
3700.png,2
3701.png,16
3702.png,1
3703.png,12
3704.png,10
3705.png,13
3706.png,9
3707.png,10
3708.png,13
3709.png,11
3710.png,8
3711.png,7
3712.png,16
3713.png,1
3714.png,6
3715.png,16
3716.png,6
3717.png,13
3718.png,11
3719.png,8
3720.png,7
3721.png,9
3722.png,8
3723.png,3
3724.png,9
3725.png,10
3726.png,12
3727.png,1
3728.png,2
3729.png,1
3730.png,16
3731.png,10
3732.png,12
3733.png,13
3734.png,7
3735.png,11
3736.png,3
3737.png,6
3738.png,15
3739.png,5
3740.png,4
3741.png,2
3742.png,2
3743.png,6
3744.png,14
3745.png,5
3746.png,3
3747.png,7
3748.png,11
3749.png,12
3750.png,15
3751.png,14
3752.png,4
3753.png,14
3754.png,15
3755.png,4
3756.png,12
3757.png,15
3758.png,6
3759.png,16
3760.png,7
3761.png,8
3762.png,11
3763.png,13
3764.png,9
3765.png,12
3766.png,9
3767.png,7
3768.png,8
3769.png,11
3770.png,13
3771.png,14
3772.png,6
3773.png,16
3774.png,6
3775.png,1
3776.png,12
3777.png,10
3778.png,7
3779.png,12
3780.png,10
3781.png,1
3782.png,2
3783.png,5
3784.png,6
3785.png,3
3786.png,10
3787.png,11
3788.png,7
3789.png,11
3790.png,7
3791.png,3
3792.png,5
3793.png,6
3794.png,2
3795.png,4
3796.png,5
3797.png,14
3798.png,15
3799.png,11
3800.png,8
3801.png,3
3802.png,12
3803.png,12
3804.png,2
3805.png,16
3806.png,4
3807.png,15
3808.png,14
3809.png,16
3810.png,5
3811.png,6
3812.png,13
3813.png,8
3814.png,7
3815.png,9
3816.png,12
3817.png,9
3818.png,13
3819.png,8
3820.png,7
3821.png,4
3822.png,16
3823.png,5
3824.png,6
3825.png,1
3826.png,12
3827.png,10
3828.png,7
3829.png,12
3830.png,10
3831.png,1
3832.png,6
3833.png,2
3834.png,5
3835.png,3
3836.png,11
3837.png,11
3838.png,3
3839.png,5
3840.png,1
3841.png,2
3842.png,15
3843.png,14
3844.png,4
3845.png,2
3846.png,13
3847.png,9
3848.png,3
3849.png,11
3850.png,5
3851.png,14
3852.png,15
3853.png,4
3854.png,9
3855.png,7
3856.png,8
3857.png,13
3858.png,6
3859.png,5
3860.png,16
3861.png,6
3862.png,5
3863.png,16
3864.png,1
3865.png,7
3866.png,8
3867.png,13
3868.png,10
3869.png,9
3870.png,13
3871.png,10
3872.png,12
3873.png,1
3874.png,16
3875.png,1
3876.png,10
3877.png,12
3878.png,9
3879.png,8
3880.png,11
3881.png,3
3882.png,14
3883.png,5
3884.png,2
3885.png,2
3886.png,4
3887.png,15
3888.png,5
3889.png,3
3890.png,11
3891.png,4
3892.png,14
3893.png,15
3894.png,4
3895.png,15
3896.png,14
3897.png,14
3898.png,15
3899.png,4
3900.png,15
3901.png,14
3902.png,4
3903.png,5
3904.png,15
3905.png,4
3906.png,2
3907.png,11
3908.png,3
3909.png,3
3910.png,11
3911.png,2
3912.png,5
3913.png,14
3914.png,1
3915.png,8
3916.png,9
3917.png,12
3918.png,10
3919.png,12
3920.png,10
3921.png,13
3922.png,16
3923.png,1
3924.png,1
3925.png,16
3926.png,5
3927.png,6
3928.png,9
3929.png,10
3930.png,13
3931.png,8
3932.png,7
3933.png,13
3934.png,8
3935.png,7
3936.png,9
3937.png,16
3938.png,5
3939.png,6
3940.png,11
3941.png,3
3942.png,9
3943.png,4
3944.png,15
3945.png,14
3946.png,5
3947.png,2
3948.png,4
3949.png,14
3950.png,15
3951.png,13
3952.png,3
3953.png,11
3954.png,1
3955.png,5
3956.png,5
3957.png,2
3958.png,11
3959.png,10
3960.png,12
3961.png,6
3962.png,1
3963.png,1
3964.png,7
3965.png,10
3966.png,12
3967.png,7
3968.png,8
3969.png,13
3970.png,9
3971.png,6
3972.png,5
3973.png,16
3974.png,4
3975.png,6
3976.png,5
3977.png,16
3978.png,12
3979.png,9
3980.png,7
3981.png,8
3982.png,13
3983.png,12
3984.png,14
3985.png,15
3986.png,4
3987.png,16
3988.png,2
3989.png,15
3990.png,14
3991.png,5
3992.png,4
3993.png,12
3994.png,3
3995.png,8
3996.png,11
3997.png,3
3998.png,7
3999.png,11
4000.png,2
4001.png,6
4002.png,5
4003.png,6
4004.png,5
4005.png,2
4006.png,7
4007.png,11
4008.png,10
4009.png,3
4010.png,10
4011.png,12
4012.png,7
4013.png,1
4014.png,1
4015.png,6
4016.png,10
4017.png,12
4018.png,13
4019.png,11
4020.png,8
4021.png,7
4022.png,9
4023.png,12
4024.png,16
4025.png,6
4026.png,14
4027.png,16
4028.png,6
4029.png,15
4030.png,9
4031.png,13
4032.png,11
4033.png,8
4034.png,7
4035.png,4
4036.png,15
4037.png,14
4038.png,12
4039.png,12
4040.png,4
4041.png,14
4042.png,15
4043.png,5
4044.png,14
4045.png,6
4046.png,2
4047.png,11
4048.png,7
4049.png,3
4050.png,3
4051.png,11
4052.png,7
4053.png,2
4054.png,4
4055.png,5
4056.png,15
4057.png,6
4058.png,16
4059.png,1
4060.png,2
4061.png,13
4062.png,12
4063.png,10
4064.png,12
4065.png,10
4066.png,9
4067.png,3
4068.png,8
4069.png,1
4070.png,6
4071.png,16
4072.png,9
4073.png,7
4074.png,8
4075.png,11
4076.png,13
4077.png,7
4078.png,8
4079.png,11
4080.png,13
4081.png,10
4082.png,9
4083.png,6
4084.png,1
4085.png,16
4086.png,13
4087.png,8
4088.png,11
4089.png,7
4090.png,9
4091.png,12
4092.png,16
4093.png,14
4094.png,6
4095.png,16
4096.png,15
4097.png,6
4098.png,9
4099.png,13
4100.png,8
4101.png,11
4102.png,7
4103.png,12
4104.png,10
4105.png,7
4106.png,1
4107.png,1
4108.png,6
4109.png,12
4110.png,10
4111.png,3
4112.png,7
4113.png,11
4114.png,2
4115.png,5
4116.png,6
4117.png,5
4118.png,6
4119.png,2
4120.png,7
4121.png,11
4122.png,10
4123.png,3
4124.png,12
4125.png,14
4126.png,15
4127.png,16
4128.png,4
4129.png,2
4130.png,15
4131.png,5
4132.png,14
4133.png,4
4134.png,12
4135.png,3
4136.png,11
4137.png,8
4138.png,6
4139.png,16
4140.png,9
4141.png,7
4142.png,11
4143.png,8
4144.png,13
4145.png,7
4146.png,11
4147.png,8
4148.png,13
4149.png,10
4150.png,9
4151.png,6
4152.png,16
4153.png,1
4154.png,1
4155.png,16
4156.png,2
4157.png,13
4158.png,10
4159.png,12
4160.png,10
4161.png,12
4162.png,9
4163.png,3
4164.png,8
4165.png,1
4166.png,6
4167.png,14
4168.png,5
4169.png,2
4170.png,11
4171.png,7
4172.png,3
4173.png,3
4174.png,11
4175.png,7
4176.png,2
4177.png,4
4178.png,6
4179.png,5
4180.png,15
4181.png,4
4182.png,15
4183.png,14
4184.png,12
4185.png,12
4186.png,4
4187.png,14
4188.png,15
4189.png,16
4190.png,1
4191.png,6
4192.png,5
4193.png,9
4194.png,10
4195.png,13
4196.png,8
4197.png,7
4198.png,13
4199.png,8
4200.png,7
4201.png,9
4202.png,16
4203.png,6
4204.png,5
4205.png,1
4206.png,8
4207.png,9
4208.png,10
4209.png,12
4210.png,10
4211.png,12
4212.png,13
4213.png,1
4214.png,16
4215.png,5
4216.png,15
4217.png,4
4218.png,2
4219.png,11
4220.png,3
4221.png,3
4222.png,11
4223.png,2
4224.png,14
4225.png,5
4226.png,14
4227.png,15
4228.png,4
4229.png,15
4230.png,14
4231.png,4
4232.png,7
4233.png,8
4234.png,13
4235.png,9
4236.png,5
4237.png,6
4238.png,4
4239.png,16
4240.png,5
4241.png,6
4242.png,16
4243.png,12
4244.png,9
4245.png,7
4246.png,8
4247.png,13
4248.png,12
4249.png,10
4250.png,6
4251.png,1
4252.png,1
4253.png,7
4254.png,12
4255.png,10
4256.png,3
4257.png,11
4258.png,2
4259.png,1
4260.png,5
4261.png,5
4262.png,2
4263.png,11
4264.png,3
4265.png,11
4266.png,3
4267.png,9
4268.png,4
4269.png,15
4270.png,5
4271.png,14
4272.png,2
4273.png,4
4274.png,14
4275.png,15
4276.png,13
4277.png,15
4278.png,14
4279.png,4
4280.png,2
4281.png,13
4282.png,9
4283.png,3
4284.png,11
4285.png,14
4286.png,5
4287.png,15
4288.png,4
4289.png,2
4290.png,5
4291.png,3
4292.png,11
4293.png,11
4294.png,3
4295.png,5
4296.png,1
4297.png,2
4298.png,1
4299.png,10
4300.png,12
4301.png,7
4302.png,10
4303.png,12
4304.png,1
4305.png,6
4306.png,16
4307.png,6
4308.png,5
4309.png,13
4310.png,8
4311.png,7
4312.png,9
4313.png,12
4314.png,9
4315.png,13
4316.png,8
4317.png,7
4318.png,16
4319.png,4
4320.png,6
4321.png,5
4322.png,4
4323.png,14
4324.png,15
4325.png,4
4326.png,15
4327.png,14
4328.png,11
4329.png,3
4330.png,5
4331.png,14
4332.png,2
4333.png,2
4334.png,4
4335.png,15
4336.png,5
4337.png,3
4338.png,11
4339.png,13
4340.png,12
4341.png,16
4342.png,1
4343.png,1
4344.png,12
4345.png,10
4346.png,9
4347.png,8
4348.png,9
4349.png,7
4350.png,8
4351.png,13
4352.png,5
4353.png,6
4354.png,16
4355.png,5
4356.png,6
4357.png,1
4358.png,16
4359.png,7
4360.png,8
4361.png,13
4362.png,10
4363.png,9
4364.png,12
4365.png,15
4366.png,14
4367.png,4
4368.png,14
4369.png,15
4370.png,4
4371.png,12
4372.png,7
4373.png,11
4374.png,3
4375.png,15
4376.png,5
4377.png,6
4378.png,4
4379.png,2
4380.png,2
4381.png,5
4382.png,14
4383.png,6
4384.png,3
4385.png,7
4386.png,11
4387.png,8
4388.png,3
4389.png,9
4390.png,12
4391.png,10
4392.png,1
4393.png,2
4394.png,16
4395.png,1
4396.png,12
4397.png,10
4398.png,13
4399.png,9
4400.png,10
4401.png,13
4402.png,8
4403.png,11
4404.png,7
4405.png,1
4406.png,16
4407.png,6
4408.png,16
4409.png,6
4410.png,13
4411.png,8
4412.png,11
4413.png,7
4414.png,4
4415.png,14
4416.png,5
4417.png,15
4418.png,8
4419.png,11
4420.png,3
4421.png,12
4422.png,12
4423.png,2
4424.png,4
4425.png,16
4426.png,15
4427.png,14
4428.png,2
4429.png,6
4430.png,5
4431.png,3
4432.png,10
4433.png,11
4434.png,7
4435.png,11
4436.png,7
4437.png,3
4438.png,6
4439.png,5
4440.png,2
4441.png,6
4442.png,1
4443.png,10
4444.png,12
4445.png,7
4446.png,10
4447.png,12
4448.png,1
4449.png,6
4450.png,15
4451.png,16
4452.png,7
4453.png,11
4454.png,8
4455.png,13
4456.png,9
4457.png,12
4458.png,9
4459.png,7
4460.png,11
4461.png,8
4462.png,13
4463.png,6
4464.png,14
4465.png,16